NPA,2013,2015,2017,2019,2021,2023
2,"$180,860","$217,563","$243,487","$295,527","$336,581","$488,364"
3,"$391,928","$467,716","$455,722","$527,573","$561,120","$667,092"
4,"$845,392","$810,017","$948,023","$1,480,988","$1,295,555","$1,493,043"
5,"$45,200","--","$65,500","$139,958","$153,707","$255,031"
6,"$55,545","$41,056","$90,938","$152,545","$225,545","$445,698"
7,"$1,509,529","$1,656,526","$1,617,145","$1,977,357","$1,980,920","$2,660,173"
8,"$229,197","$233,714","$300,120","$402,022","$457,216","$529,911"
9,"$245,591","$260,211","$428,915","$531,657","$630,399","$760,989"
10,"$107,523","$141,766","$242,801","$335,259","$317,271","$478,229"
11,"$455,198","$529,879","$638,239","$802,460","$804,054","$1,024,397"
12,"$31,576","$73,375","$55,765","$83,273","$100,922","$126,655"
13,"$215,811","$220,338","$243,171","$333,715","$354,641","$481,946"
14,"$140,580","$147,721","$171,280","$199,337","$226,713","$357,567"
15,"$251,774","$277,405","$313,495","$360,174","$414,355","$581,844"
16,"$107,564","$109,167","$133,356","$169,936","$185,067","$273,196"
17,"$81,929","$686,531","$114,727","$159,583","$175,262","$293,365"
18,"$559,354","$667,693","$799,243","$894,145","$846,554","$798,392"
19,"$232,809","$297,964","$264,836","$334,194","$349,608","$418,373"
20,"$192,852","$206,943","$245,211","$283,997","$311,431","$418,173"
21,"$115,917","$183,875","$218,229","$351,641","$273,781","$390,925"
22,"$112,591","$180,556","$181,022","$394,846","$416,874","$481,698"
23,"$107,088","$117,045","$153,140","$187,190","$227,735","$591,028"
24,"$194,133","$212,095","$284,000","$391,435","$405,427","$327,208"
25,"$278,157","$260,747","$329,761","$342,823","$363,035","$478,299"
26,"$152,858","$157,647","$201,085","$218,140","$247,722","$899,528"
27,"$109,670","$110,555","$143,198","$163,870","$223,200","$549,583"
28,"$499,582","$768,978","$717,734","$720,823","$865,864","$370,635"
29,"$210,130","$224,936","$257,603","$288,558","$317,132","$291,169"
30,"--","--","$353,258","$410,957","$475,966","$475,891"
31,"$423,941","$455,557","$498,833","$456,127","$580,549","$772,069"
32,"$92,033","$110,727","$121,110","$155,125","$177,412","$234,593"
33,"$137,708","--","--","--","$182,313","$276,500"
34,"$84,784","$82,783","$138,668","$187,097","$176,099","$321,646"
35,"$238,650","$240,167","$286,479","$304,482","$312,998","$372,714"
36,"$176,159","$169,106","$185,266","$222,054","$252,623","$435,040"
37,"$124,848","$125,939","$216,989","$351,436","$397,265","$348,955"
38,"$196,225","$211,665","$213,188","$258,121","$272,521","$573,136"
39,"$123,591","$133,277","$145,160","$180,627","$224,972","$1,772,045"
40,"$68,846","$70,364","$98,936","$141,909","$178,147","$367,974"
41,"$97,563","$147,653","$135,232","$154,090","$193,996","$254,669"
42,"$265,659","$474,760","$231,429","$265,340","$274,823","$247,895"
43,"$379,645","$429,851","$413,886","$539,458","$619,871","$338,218"
44,"$726,705","$958,400","$967,156","$1,161,891","$1,199,231","$764,958"
45,"$226,602","$231,130","$262,174","$294,133","$325,792","$434,200"
46,"$115,042","$124,480","$144,827","$188,707","$249,053","$325,353"
47,"--","--","--","--","--","$311,143"
48,"$121,500","$410,368","$136,189","$173,707","$216,194","$581,879"
49,"$121,045","$136,207","$162,127","$189,027","$223,826","$832,500"
50,"$71,708","$67,842","$96,058","$140,556","$172,412","$293,935"
51,"$222,345","$233,327","$272,991","$350,402","$429,178","$335,791"
52,"$99,833","$110,722","$140,538","$176,286","$220,625","$264,568"
53,"$60,553","$82,029","$109,783","$139,028","$157,757","$520,548"
54,"$50,182","$56,114","$90,735","$126,167","$132,202","$301,079"
55,"$224,486","$240,478","$284,992","$403,289","$362,095","$253,260"
56,"$274,583","$287,342","$196,466","$238,893","$297,375","--"
57,"$34,875","$107,500","$62,408","$143,736","$193,396","$352,770"
58,"$111,583","$127,969","$152,684","$195,159","$220,705","$222,328"
59,"$97,972","$99,542","$99,557","$150,270","$172,452","$965,152"
60,"$81,385","--","$91,188","$105,063","$170,308","$321,864"
61,"$120,278","$124,300","$137,861","$187,771","$214,456","$259,980"
62,"--","--","--","--","--","$226,333"
64,"$59,036","$85,615","$73,685","$101,888","$128,121","$328,737"
65,"--","--","--","--","--","$445,947"
66,"$137,231","$140,400","$138,159","$153,212","$179,600","$372,176"
67,"--","--","--","--","--","--"
68,"$138,670","$131,371","$150,000","$178,314","$213,559","--"
69,"$471,419","$591,296","$645,204","$663,857","$931,450","$181,539"
70,"$45,667","$42,286","$66,674","$119,310","$159,098","$257,780"
71,"$122,565","$121,792","$133,925","$137,219","$147,640","$1,275,531"
72,"$130,919","$128,838","$137,870","$172,829","$194,000","--"
73,"$152,454","$136,787","$172,536","$216,011","$232,215","$489,675"
74,"$120,398","$135,264","$145,657","$178,138","$199,176","$312,952"
75,"$254,698","$292,986","$324,895","$314,193","$334,903","$259,033"
76,"$206,780","$229,740","$249,355","$272,663","$334,100","$297,141"
77,"$154,219","$157,004","$195,458","$226,112","$249,195","--"
78,"$194,610","$184,235","$183,995","$233,063","$261,253","$292,350"
79,"--","--","--","--","--","$304,046"
80,"$99,286","$104,632","$116,138","$139,014","$172,349","$318,182"
81,"$143,162","$152,536","$179,520","$204,162","$242,887","$295,565"
82,"$198,121","$185,314","$181,670","$234,178","$246,304","$302,500"
83,"$304,429","$278,542","$365,200","$406,833","$462,733","$165,684"
84,"$124,000","--","$296,409","$431,654","$447,269","$344,791"
85,"$50,250","$32,500","$55,444","$100,111","$131,724","$272,712"
86,"$60,813","$128,700","$108,409","$203,844","$240,528","$454,765"
87,"$156,563","$178,881","$275,234","$309,635","$326,855","$342,462"
88,"$53,667","$38,375","$65,143","$99,500","$132,380","$239,152"
89,"$87,190","$89,977","$117,609","$161,585","$176,814","$330,630"
90,"$137,542","$125,941","$192,971","$244,394","$248,450","$358,163"
91,"$94,794","$101,315","$127,625","$163,904","$263,935","$330,051"
92,"$180,712","$171,532","$193,320","$222,214","$261,726","$676,467"
93,"--","--","--","--","--","$284,554"
94,"--","$53,100","$92,500","$123,083","$150,804","$341,948"
95,"$139,179","$151,580","$178,949","$215,217","$261,289","$372,534"
96,"$128,136","$132,946","$162,461","$188,548","$215,795","$295,964"
97,"$148,801","$158,063","$162,973","$196,080","$240,547","$289,979"
98,"$127,197","$130,774","$165,029","$179,136","$224,014","$375,145"
99,"$154,884","$158,809","$213,705","$253,719","$275,387","$343,438"
100,"$57,250","--","$98,630","$135,026","$241,891","$252,679"
101,"--","--","--","--","$163,208","$342,375"
102,"$93,833","$81,778","$98,611","$139,022","$175,125","$458,319"
103,"$50,643","--","$81,762","$111,864","$245,581","$327,236"
105,"$218,032","$225,285","$285,965","$307,543","$342,044","$416,477"
106,"--","$225,222","$278,188","$315,143","$370,667","$291,460"
107,"$96,694","$94,619","$121,074","$153,337","$182,279","$323,456"
108,"$148,560","$139,483","$181,115","$198,120","$261,929","$574,056"
109,"$365,949","$396,409","$412,935","$446,000","$419,507","$172,925"
110,"$272,107","$220,185","$235,276","$321,047","$305,185","$292,822"
111,"$189,831","$221,137","$254,749","$281,100","$311,760","$255,318"
112,"$144,232","$146,148","$193,217","$203,426","$233,082","$434,725"
113,"$115,921","$132,072","$138,661","$185,366","$236,592","$516,667"
114,"--","--","$70,100","$82,600","$136,944","$253,600"
115,"$352,364","$360,919","$380,654","$403,367","$448,539","$721,467"
116,"$300,495","$274,936","$307,040","$300,598","$409,212","$663,618"
117,"$101,197","$118,329","$150,682","$177,578","$229,772","$607,896"
118,"$315,407","$369,141","$401,938","$452,611","$429,479","$235,122"
119,"$98,818","$109,133","$127,000","$186,565","$197,346","$416,720"
120,"$78,083","$78,375","$85,600","$127,265","$144,264","$431,956"
121,"$58,000","$74,135","$112,445","$146,553","$148,314","$367,039"
122,"--","--","--","--","--","$248,462"
123,"$58,056","$63,400","$108,977","$139,860","$162,693","$591,272"
124,"$70,063","$60,667","$69,342","$130,083","$156,566","$411,068"
125,"$92,431","$101,513","$125,457","$161,104","$198,090","$342,726"
126,"$202,314","$218,393","$305,188","$320,713","$363,264","$313,538"
127,"$91,600","$107,800","$124,947","$180,000","$202,438","$626,286"
128,"$66,500","$47,632","$74,942","$173,217","$170,106","$294,464"
129,"$274,506","$342,696","$284,591","$340,100","$375,000","$249,688"
130,"$313,902","$379,228","$413,738","$473,136","$497,114","$837,800"
131,"$128,110","$137,734","$157,337","$187,011","$229,632","$572,340"
132,"$206,813","$208,396","$278,197","$327,024","$410,625","--"
133,"$320,790","$562,263","$367,722","$441,981","$434,211","$287,436"
134,"--","--","$144,077","$171,676","$204,462","$273,512"
135,"--","--","$63,556","$75,636","$77,531","$290,295"
136,"$156,796","$172,357","$200,186","$242,178","$285,156","$410,083"
137,"$95,688","$107,420","$124,959","$163,434","$183,233","$607,071"
138,"--","$52,167","$89,542","$130,750","$193,500","$362,316"
139,"$81,500","$60,167","$101,710","$140,355","$158,406","$278,580"
140,"$96,875","$108,109","$131,900","$144,920","$211,003","$485,566"
141,"$49,583","$44,500","$58,318","$124,179","$131,261","$846,389"
142,"$73,955","$85,071","$98,281","$126,462","$189,327","$607,985"
143,"$378,159","$376,697","$455,928","$483,961","$513,774","$319,042"
144,"$168,917","$218,667","$175,543","$198,238","$200,389","$1,107,147"
145,"$88,813","$87,143","$127,640","$137,377","$172,620","$676,608"
146,"$127,203","$125,034","$159,195","$205,630","$219,641","$290,167"
147,"$82,385","$97,960","$112,556","$124,134","$150,645","--"
148,"$384,062","$390,837","$412,821","$456,643","$531,823","$409,175"
149,"$244,956","$236,943","$240,427","$271,762","$323,441","$271,526"
150,"$98,250","$103,289","$135,886","$187,593","$201,958","$275,050"
151,"$277,184","$281,775","$332,326","$352,551","$405,639","$304,061"
152,"$130,033","$135,706","$150,529","$195,500","$192,577","$213,737"
153,"$237,492","$252,616","$271,223","$305,125","$310,974","$257,312"
154,"$177,145","$184,008","$205,747","$240,987","$264,655","$349,851"
155,"$132,372","$137,170","$163,211","$190,693","$259,372","$242,590"
156,"$105,798","$118,578","$142,819","$183,794","$223,022","$329,087"
157,"--","$121,542","$123,136","$301,050","$231,944","$677,971"
158,"$90,460","$79,524","$111,781","$147,282","$181,167","$405,518"
159,"$98,295","$72,542","$96,143","$107,727","$138,472","$301,515"
160,"$75,500","$84,286","$98,038","$167,420","$171,911","$542,213"
161,"$420,800","$555,350","$558,909","$628,333","$777,972","$518,758"
162,"$94,906","$93,341","$111,644","$146,287","$178,158","$362,646"
163,"$203,398","$401,895","$329,242","$418,250","$431,966","$400,781"
164,"$116,559","$163,313","$185,359","$207,314","$271,007","$395,623"
165,"$89,600","--","$113,417","$165,929","$165,180","$322,156"
166,"$89,233","$77,433","$97,220","$122,500","$181,923","$581,477"
167,"--","--","$148,300","$174,000","$166,167","$479,042"
168,"$61,444","$77,346","$74,606","$127,355","$178,365","$278,200"
169,"$231,279","$235,447","$261,791","$285,260","$318,599","$522,000"
170,"$315,049","$279,825","$423,900","$350,315","$422,494","$272,450"
171,"$314,167","$343,433","$369,409","$407,875","$428,528","$276,069"
172,"$261,503","$309,739","$327,657","$402,235","$392,009","$272,433"
173,"$78,292","$87,016","$103,875","$130,417","$159,595","$1,401,196"
174,"$138,548","$141,900","$191,981","$226,064","$219,924","$382,500"
175,"$248,250","$279,912","$330,764","$369,690","$403,421","$257,640"
176,"$245,924","$256,433","$296,772","$339,765","$358,567","$381,147"
177,"$305,206","$324,027","$384,483","$437,860","$494,659","$243,738"
178,"$108,500","$132,324","$212,222","$270,538","$303,653","$305,083"
179,"$375,412","$443,479","$563,134","$679,943","$654,447","$266,979"
180,"$120,909","$114,893","$130,045","$168,091","$196,357","$334,864"
181,"$453,275","$426,179","$409,405","$421,201","$501,487","$542,350"
182,"--","--","--","$182,208","$224,417","$528,237"
183,"$94,000","--","$115,600","$149,833","$203,167","$346,814"
184,"$297,543","$337,344","$445,268","$549,071","$587,085","$280,989"
185,"--","--","--","--","--","$487,287"
186,"$85,552","$98,667","$114,923","$168,242","$182,581","$537,674"
187,"$322,527","$336,410","$316,065","$350,833","$440,750","$640,647"
188,"$263,394","$279,146","$319,056","$399,535","$381,926","$290,948"
189,"$620,500","$659,667","--","--","$792,111","$596,958"
190,"$50,813","$62,238","$81,375","$134,732","$133,488","$505,042"
191,"$139,590","$148,447","$159,000","$196,394","$228,496","$371,783"
192,"$175,356","$182,357","$214,097","$231,586","$258,290","$329,514"
193,"$400,307","$513,819","$593,989","$656,485","$749,973","$667,910"
194,"$525,386","$585,500","$663,011","$743,520","$811,930","--"
195,"$184,484","$194,977","$204,966","$247,185","$264,301","$387,026"
196,"$88,259","$115,708","$130,897","$194,658","$189,441","$301,635"
197,"$67,900","$100,500","$104,725","$129,395","$141,926","$437,083"
198,"$425,145","$408,700","$420,933","$468,810","$476,096","$814,429"
199,"--","--","$101,917","$137,196","$138,333","$312,553"
200,"$140,722","--","$227,857","--","$452,538","$458,091"
201,"$600,076","$590,315","$641,791","$753,591","$752,496","$526,580"
202,"$87,423","$92,659","$128,688","$180,743","$184,926","$897,500"
203,"$248,336","$210,782","$261,327","$270,868","$311,785","$433,565"
204,"$224,094","$234,398","$352,406","$307,086","$338,931","$236,500"
205,"$491,625","$532,017","$605,980","$718,452","$832,841","$336,500"
206,"$305,938","$332,958","$377,464","$402,560","$442,667","$354,773"
207,"--","--","--","$267,758","$310,146","$346,495"
208,"$912,714","$867,439","$1,142,753","$1,218,329","$1,323,214","$1,163,259"
209,"$130,756","$137,621","$164,429","$197,250","$226,169","$983,262"
210,"$344,195","$473,773","$467,177","$436,867","$455,799","$393,690"
211,"$116,654","$132,213","$150,739","$188,371","$222,219","$433,932"
212,"$103,583","$126,667","$111,659","$146,579","$202,337","$544,283"
213,"$320,860","$358,170","$408,907","$443,544","$628,470","$305,500"
215,"$702,000","$699,893","$697,288","$770,529","$1,043,733","$281,230"
216,"$623,962","$708,609","$550,423","$781,942","$1,077,111","$764,293"
217,"$555,707","$778,233","$576,792","$845,980","$888,324","$279,676"
218,"$178,695","$163,142","$186,291","$202,321","$254,438","$1,178,573"
219,"$128,386","$197,333","$121,419","$197,638","$179,206","$317,204"
220,"$93,158","$104,464","$126,433","$167,565","$190,803","$553,725"
221,"$128,885","$151,250","$156,875","$191,894","$237,008","$247,167"
222,"$242,341","$258,586","$299,564","$360,488","$444,522","$421,521"
223,"$84,667","$89,474","$118,941","$202,628","$214,951","$444,477"
224,"$217,898","$251,959","$288,008","$330,452","$350,849","$1,045,038"
225,"$150,500","$153,214","$173,275","$209,241","$239,083","$324,466"
226,"$221,457","$224,077","$274,919","$356,519","$382,012","$423,700"
227,"$115,429","$120,240","$145,230","$184,646","$239,871","$1,801,065"
228,"$132,600","$142,955","$187,722","$324,515","$367,128","$286,194"
229,"$149,880","$157,235","$191,406","$218,181","$253,942","$343,732"
230,"--","$49,143","$56,237","$75,500","$101,660","$323,804"
231,"$129,455","$147,160","$162,311","$191,005","$287,809","$300,375"
232,"$133,795","$144,482","$170,850","$197,480","$234,682","$654,208"
233,"$284,011","$292,185","$328,700","$384,617","$405,258","$1,314,130"
234,"$137,673","$143,900","$157,354","$202,676","$221,447","$1,205,319"
235,"$307,976","$312,842","$372,081","$457,895","$505,919","$358,625"
236,"$892,942","$835,818","$869,041","$1,179,578","$1,124,790","$299,955"
237,"$117,750","$108,323","$128,403","$165,204","$180,803","$345,478"
238,"$80,438","$88,696","$117,192","$156,265","$195,950","$516,902"
240,"$137,292","$153,393","$177,111","$309,676","$350,706","$338,150"
241,"$568,728","$556,644","$646,308","$734,921","$775,442","$467,122"
242,"$126,045","$132,780","$160,091","$193,009","$226,481","$698,039"
243,"--","--","--","$214,432","$234,419","--"
244,"$137,441","$132,219","$145,930","$181,522","$225,767","$233,600"
245,"$117,900","$136,111","$151,813","$217,382","$227,482","$521,795"
246,"$109,714","$107,423","$99,598","$126,438","$144,149","$299,833"
247,"--","--","--","--","--","$403,833"
248,"--","--","--","--","--","$524,483"
249,"--","--","--","--","--","$457,784"
250,"$128,056","$127,060","$141,982","$160,239","$199,529","$215,200"
251,"$182,636","$204,385","$214,453","$263,549","$268,309","$392,341"
252,"$169,904","$178,797","$208,379","$248,643","$291,759","$329,986"
253,"$258,367","$287,530","$325,875","$345,103","$376,390","$312,764"
254,"--","--","$350,600","--","$359,456","$316,484"
255,"$259,181","$296,361","$303,088","$339,056","$442,781","$1,479,926"
256,"$428,356","$455,729","$423,743","$433,808","$432,554","$477,179"
257,"$229,308","$214,705","$238,110","$335,642","$360,285","$271,462"
258,"$98,786","$93,804","$136,505","$151,906","$184,185","$505,523"
259,"$117,079","$118,932","$137,577","$161,948","$182,000","$969,519"
260,"$95,733","$97,500","$133,205","$200,719","$204,257","$308,974"
261,"$149,643","$166,022","$192,326","$229,954","$255,005","$362,567"
262,"$412,245","$456,737","$489,128","$448,882","$501,912","$223,771"
263,"$322,612","$340,411","$385,441","$441,590","$452,403","--"
264,"$201,319","$178,853","$199,056","$204,856","$222,301","$254,182"
265,"$151,278","$163,434","$190,081","$219,047","$256,933","$203,000"
266,"$152,526","$153,313","$181,714","$214,805","$248,759","$318,135"
267,"$213,961","$192,702","$265,918","$328,824","$314,486","$197,318"
268,"$108,775","$112,400","$141,310","$172,425","$204,963","$385,500"
269,"$301,006","$369,660","$374,184","$419,765","$408,553","$387,432"
270,"--","--","--","--","--","$484,471"
271,"$67,214","$77,063","$107,045","$140,806","$154,033","$400,735"
272,"--","--","--","--","--","$538,559"
273,"$121,603","$136,877","$156,740","$209,092","$249,264","$311,079"
274,"--","--","--","--","--","$409,216"
275,"$228,167","$260,786","$273,421","$320,107","$336,318","$475,682"
276,"$158,891","$175,509","$196,014","$228,247","$257,489","$507,566"
277,"$180,875","$185,769","$218,993","$268,196","$308,461","$772,545"
278,"$147,938","$153,083","$175,250","$212,385","$234,855","$215,231"
279,"$105,393","$106,594","$116,106","$142,795","$169,016","$279,819"
280,"$72,033","$85,500","$117,381","$137,593","$156,090","$595,824"
281,"$109,545","$112,354","$124,019","$183,010","$225,863","$281,525"
282,"$130,734","$132,778","$153,789","$183,439","$201,388","$282,110"
283,"$123,491","$126,134","$134,663","$173,418","$194,886","$339,057"
284,"$517,232","$501,960","$521,231","$530,504","$557,715","$413,273"
285,"--","--","--","--","--","$741,491"
286,"--","--","--","--","$218,400","$594,247"
287,"$146,800","$161,647","$170,810","$228,667","$267,250","$338,672"
288,"$283,283","$283,992","$262,215","$343,427","$360,955","$357,864"
289,"$162,425","$170,982","$215,705","$263,938","$305,549","$383,779"
290,"--","--","$64,714","$350,545","$418,258","$385,626"
291,"--","$72,929","$84,583","$126,786","$146,825","$309,455"
292,"$65,800","--","$64,813","$102,563","$113,000","--"
293,"--","$59,300","$75,674","$135,096","$214,583","$270,654"
294,"--","--","--","$137,438","$228,848","--"
295,"--","--","$167,000","$212,794","$213,712","$340,097"
296,"$172,694","$189,674","$221,496","$263,299","$277,353","$565,875"
297,"$453,077","$503,300","$475,563","$544,100","$561,292","--"
298,"$70,600","--","$89,500","$138,238","$166,000","$460,628"
299,"$108,077","$108,025","$138,660","$158,814","$187,948","$374,961"
300,"$242,769","--","$214,533","$257,579","$277,000","$325,111"
301,"$139,714","$162,788","$172,946","$196,446","$241,051","$287,267"
302,"$279,921","$292,486","$348,729","$384,967","$432,727","$281,071"
303,"$259,538","$268,813","$287,235","$337,660","$368,795","$494,444"
304,"--","--","--","--","--","--"
305,"$117,567","$87,727","$97,750","$165,500","$210,725","$273,457"
306,"--","--","--","--","$154,350","$321,000"
307,"$113,196","$122,435","$148,537","$165,294","$225,953","$308,286"
308,"$282,736","$265,588","$272,423","$310,065","$342,655","$495,638"
309,"$256,514","$263,534","$287,185","$375,495","$419,018","$508,933"
310,"$218,771","$229,614","$254,681","$301,006","$326,592","$443,261"
311,"$82,917","$88,500","$106,267","$177,517","$176,138","$385,632"
312,"$64,400","$73,550","$113,467","$147,594","$172,500","$297,000"
313,"$125,172","$128,938","$157,333","$196,452","$234,971","$323,225"
314,"$154,422","$170,076","$265,882","$294,667","$321,500","$441,888"
315,"$291,293","$292,047","$359,563","$415,596","$491,392","$646,853"
316,"$105,357","$114,000","$130,900","$186,208","$203,295","$336,968"
317,"$78,143","$62,923","$71,059","$233,321","$268,398","$440,867"
318,"$184,125","$180,359","$220,983","$258,130","$300,139","$408,826"
319,"$118,229","$122,892","$145,778","$179,973","$209,066","$305,406"
320,"$365,160","$373,470","$482,434","$574,804","$602,746","$943,911"
321,"--","--","$78,545","$125,531","$142,256","$256,733"
322,"$111,050","$107,393","$136,795","$179,943","$190,028","$294,574"
323,"$82,825","$96,964","$118,095","$152,977","$232,616","$285,867"
324,"$240,537","$248,000","$265,564","$309,939","$353,728","$406,566"
325,"$114,061","$119,241","$119,792","$155,208","$169,658","$256,994"
326,"--","--","$73,118","$173,595","$226,986","$351,706"
327,"$73,889","--","$87,315","$115,278","$143,861","$286,682"
328,"$91,333","$105,429","$123,381","$147,553","$266,698","$311,315"
329,"$108,800","$113,783","$129,680","$163,839","$186,875","$285,802"
330,"$100,786","$101,957","$137,986","$163,819","$192,642","$313,216"
331,"$112,000","$112,083","$173,950","$186,391","$212,950","$292,600"
332,"$151,238","$151,171","$157,095","$194,285","$229,571","$344,652"
333,"$73,750","$98,326","$142,018","$152,643","$178,488","$290,789"
334,"--","--","--","--","--","--"
335,"$255,654","$270,431","$279,273","$332,397","$347,672","$452,285"
336,"$154,649","$251,595","$207,416","$235,274","$285,118","$356,019"
337,"$242,378","$248,854","$237,703","$265,723","$329,495","$415,994"
338,"--","--","--","--","$393,429","$646,307"
339,"$277,300","$309,526","$404,453","$583,333","$598,644","$665,386"
343,"$228,402","$245,806","$334,678","$415,976","$458,361","$605,434"
344,"$183,787","$205,006","$247,050","$286,624","$303,208","$395,595"
345,"$129,042","$127,694","$160,560","$193,111","$209,202","$345,757"
346,"$64,800","$68,500","$97,100","$141,409","$156,987","$261,903"
347,"--","$177,400","$283,963","$374,125","$464,234","$535,911"
348,"$123,439","$118,263","$158,377","$192,774","$224,919","$320,266"
349,"$780,000","$797,292","$991,833","$1,145,722","$1,090,607","$1,243,964"
350,"$335,238","$338,333","$351,160","$396,585","$474,486","$583,469"
351,"$381,846","$433,222","$460,461","$508,986","$540,816","$641,240"
352,"$280,482","$276,535","$294,769","$330,517","$346,510","$495,667"
353,"$332,754","$350,648","$365,034","$494,372","$531,350","$617,934"
354,"$123,905","$152,450","$148,488","$189,667","$203,131","$272,875"
355,"$248,617","$271,182","$260,447","$300,167","$324,779","$435,286"
356,"$477,796","$504,105","$501,790","$523,409","$602,139","$719,374"
357,"$238,608","$301,760","$314,218","$359,583","$438,918","$589,884"
358,"$374,418","$460,923","$428,233","$458,554","$490,231","$669,062"
359,"$401,371","$394,158","$489,162","$587,070","$616,082","$728,152"
360,"$126,470","$132,950","$150,981","$183,365","$254,438","$339,233"
361,"$76,500","$68,500","$180,978","$290,435","$339,452","$479,053"
362,"$78,364","$62,212","$62,404","$114,850","$148,708","$311,843"
363,"$43,393","$40,344","$152,938","$136,130","$152,521","$327,721"
364,"$857,745","$1,084,050","$1,003,588","$1,298,004","$1,280,982","$1,608,122"
365,"$124,094","$125,813","$176,491","$236,824","$283,608","$349,985"
366,"$155,333","$139,500","$172,135","$240,647","$209,000","$289,827"
367,"$366,966","$382,511","$350,221","$383,738","$505,791","$626,530"
368,"$124,991","$139,353","$146,721","$179,481","$193,533","$293,106"
369,"--","$50,750","$79,192","$146,000","$141,057","$353,833"
370,"$27,885","$74,000","$202,919","$211,889","$238,721","$376,382"
371,"$67,031","$69,184","$79,078","$128,005","$132,733","$248,600"
372,"$188,501","$199,019","$216,086","$251,178","$283,594","$399,546"
373,"$341,437","$347,975","$410,195","$479,248","$605,274","$854,023"
374,"$114,727","$59,906","$91,412","$114,520","$362,437","$276,078"
375,"$639,981","$737,893","$873,313","$1,057,302","$890,057","$1,212,034"
376,"$130,963","$132,942","$160,163","$188,337","$218,246","$332,707"
377,"$154,575","$159,415","$175,162","$213,588","$250,535","$377,854"
378,"$335,251","$342,449","$452,171","$518,171","$652,680","$741,306"
379,"$483,688","$504,607","$548,326","$574,305","$648,831","$882,931"
380,"$429,213","$435,281","$468,593","$569,203","$569,384","$758,632"
381,"$236,822","$283,935","$348,159","$522,847","$520,641","$790,906"
382,"$117,864","$140,811","$223,338","$354,319","$430,659","$578,380"
383,"$149,650","$158,604","$209,295","$278,185","$308,094","$428,127"
385,"$66,179","$55,808","$72,896","$104,195","$120,514","$208,064"
386,"$156,256","$166,525","$301,437","$433,075","$436,032","$650,696"
387,"$66,167","$52,700","$74,714","$122,917","$136,617","$268,085"
388,"$203,176","$217,730","$272,448","$400,399","$521,890","$586,132"
389,"$108,492","$109,921","$158,025","$220,143","$247,359","$377,636"
390,"$137,526","$147,480","$238,500","$296,056","$336,643","$443,914"
391,"$239,661","$239,035","$313,285","$337,798","$405,398","$550,215"
392,"$686,587","$846,434","$870,101","$935,062","$978,832","$1,269,903"
393,"$207,716","$227,173","$263,986","$328,704","$358,430","$482,354"
394,"$270,564","$249,407","$256,862","$327,071","$350,064","$465,254"
395,"$193,000","$196,873","$247,576","$350,685","$306,260","$412,814"
396,"$184,551","$166,700","$245,401","$265,384","$310,623","$406,980"
397,"$180,977","$177,661","$199,839","$223,661","$250,045","$444,525"
398,"$195,685","$231,628","$247,480","$232,747","$307,518","$586,500"
399,"$278,130","$292,203","$331,062","$381,385","$434,867","$572,779"
400,"$316,829","$316,408","$352,153","$398,792","$434,550","$397,791"
401,"$168,851","$177,603","$205,317","$248,253","$266,946","$385,131"
402,"$175,188","$183,417","$232,530","$316,620","$311,144","$384,934"
403,"$259,652","$390,563","$384,331","$393,275","$350,306","$691,217"
404,"$124,657","$118,962","$153,000","$166,108","$195,570","$352,119"
405,"$163,218","$176,891","$201,468","$224,468","$269,641","$403,220"
406,"$264,486","$290,458","$336,063","$336,655","$368,165","$506,645"
407,"$202,458","$203,860","$249,206","$266,405","$286,710","$410,439"
408,"$183,067","$231,111","$261,907","$286,508","$314,338","$438,198"
409,"$738,922","$851,211","$866,333","$952,689","$1,157,274","$1,560,137"
410,"$246,211","$325,339","$271,599","$309,789","$353,193","$541,263"
411,"$175,634","$173,508","$194,365","$230,156","$243,072","$341,462"
412,"$330,781","$357,679","$366,868","$325,156","$574,806","$699,720"
413,"$296,311","$311,941","$343,507","$381,754","$408,335","$582,691"
416,"$145,765","$165,881","$164,364","$201,078","$239,268","$314,000"
417,"$198,592","$215,746","$270,827","$322,540","$335,996","$498,836"
418,"$339,390","$371,767","$373,122","$438,784","$450,259","$603,709"
419,"$281,122","$311,463","$339,342","$363,734","$407,095","$543,045"
420,"$265,963","$279,266","$311,109","$345,909","$367,615","$493,006"
421,"$279,250","$275,461","$310,819","$303,654","$357,754","$482,506"
422,"$156,122","$166,961","$198,665","$225,115","$274,444","$348,000"
423,"$244,814","$257,406","$351,082","$404,000","$421,417","$526,538"
424,"$518,167","$538,863","$427,082","$605,390","$730,394","$757,313"
425,"$273,886","$301,580","$370,240","$337,724","$454,730","$703,959"
426,"$180,724","$203,222","$224,369","$260,823","$293,762","$440,667"
428,"$216,011","$224,977","$278,596","$300,299","$285,317","$448,795"
430,"$202,037","$198,794","$218,867","$254,034","$273,789","$376,858"
431,"$205,521","$192,952","$202,771","$211,985","$265,970","$386,081"
432,"$229,339","$237,873","$267,809","$291,468","$314,642","$440,328"
433,"$258,946","$277,231","$303,659","$345,797","$384,898","$494,065"
434,"$337,603","$347,126","$395,168","$436,020","$475,196","$595,385"
435,"$216,263","$195,841","$258,205","$312,526","$344,175","$423,438"
436,"$149,575","$160,952","$204,917","$229,542","$258,757","$354,826"
437,"$247,759","$283,536","$311,906","$340,161","$342,186","$495,049"
438,"$276,252","$316,766","$336,504","$393,033","$350,023","$587,604"
442,"$128,891","$143,690","$194,152","$180,023","$208,476","$326,283"
443,"$237,337","$236,330","$264,465","$385,417","$356,875","$468,351"
444,"$165,970","$176,281","$199,222","$215,614","$264,996","$359,932"
445,"$198,006","$207,378","$243,835","$260,668","$292,377","$410,342"
446,"$222,180","$173,051","$199,302","$237,376","$257,240","$397,288"
447,"$173,363","$192,234","$240,538","$295,396","$321,579","$415,967"
448,"$196,016","$252,182","$281,806","$293,221","$324,893","$433,409"
449,"$747,719","$732,445","$877,186","$883,462","$1,027,839","$1,418,063"
450,"$269,973","$287,668","$317,396","$342,872","$399,889","$593,103"
451,"$364,032","$411,039","$475,012","$490,610","$473,401","$692,947"
452,"$183,500","$191,339","$229,551","$280,000","$331,264","$396,469"
453,"$170,058","$164,853","$137,281","$195,034","$232,155","$322,067"
454,"$298,981","$310,043","$307,355","$331,538","$393,027","$476,431"
455,"$247,848","$263,282","$276,815","$295,053","$358,965","$500,778"
456,"$248,441","$262,900","$319,300","$397,571","$441,434","$506,412"
457,"$273,905","$312,935","$318,012","$398,575","$363,316","$555,526"
458,"$216,672","$245,597","$317,269","$306,032","$343,294","$482,317"
459,"$169,234","$180,052","$204,555","$274,684","$352,870","$446,321"
460,"$201,116","$181,500","$216,064","$269,398","$296,322","$382,462"
462,"$294,048","$277,667","$314,814","$320,916","$442,964","$601,965"
463,"$166,132","$181,217","$202,115","$254,158","$267,843","$373,971"
464,"$257,122","$295,305","$320,032","$342,619","$365,018","$528,309"
465,"$208,789","$197,346","$264,395","$261,861","$319,758","$461,857"
466,"$189,276","$189,878","$205,939","$238,761","$296,757","$494,380"
467,"$224,101","$230,471","$262,671","$285,968","$328,083","$451,210"
468,"--","--","$867,273","--","$630,400","$1,099,500"
469,"$377,236","$396,655","$452,171","$480,082","$551,965","$770,712"
470,"$361,760","$497,378","$363,206","$420,127","$461,163","$670,302"
471,"$169,657","$190,482","$230,676","$258,724","$295,417","$415,297"
472,"$409,188","$442,047","$480,784","$572,379","$663,067","$1,100,345"
473,"$250,295","$265,500","$303,609","$366,363","$348,305","$485,542"
474,"$324,571","$437,398","$351,611","$360,410","$436,917","$798,000"
475,"$389,919","$490,585","$579,199","$662,136","$510,148","$866,494"
476,"$278,535","$315,970","$301,386","$334,948","$343,830","$421,799"
