NPA,2010,2013,2014,2016,2018,2019,2020,2022,2023,2010 Raw,2013 Raw,2014 Raw,2016 Raw,2018 Raw,2019 Raw,2020 Raw,2022 Raw,2023 Raw
2,"130","118","112","113","118","114","109","123","125","62,572","56,389","55,895","56,282","57,785","56,544","54,936","56,117","52,265"
3,"169","159","161","176","163","173","167","185","180","280,734","275,334","290,732","308,526","285,554","302,750","291,749","291,085","278,779"
4,"281","247","233","267","248","260","241","262","260","97,015","85,096","83,321","95,494","88,791","93,080","87,242","92,677","88,611"
5,"115","113","100","124","124","123","131","131","135","17,024","17,391","18,243","19,421","19,825","20,172","21,877","18,781","18,598"
6,"129","127","107","131","118","109","112","124","120","73,806","71,345","70,955","77,853","70,849","66,272","69,104","67,078","61,230"
7,"396","314","312","333","301","314","289","330","311","133,187","106,196","106,423","113,057","102,171","107,074","98,838","106,606","96,561"
8,"149","131","124","132","124","125","124","141","137","62,115","55,367","54,456","57,573","56,631","58,250","58,404","62,354","60,105"
9,"107","94","88","99","104","109","115","124","113","24,534","24,627","24,950","26,987","28,352","27,795","29,900","32,168","26,701"
10,"114","106","99","106","101","94","97","110","108","131,863","126,367","127,824","131,736","124,871","119,286","123,869","124,405","106,424"
11,"178","165","168","181","174","171","165","188","192","132,207","124,594","134,433","144,419","138,325","137,313","132,990","139,894","137,337"
12,"--","--","--","--","--","--","--","--","--","0","0","0","0","0","0","0","0","0"
13,"127","113","116","109","105","106","108","112","114","72,781","65,353","72,923","69,332","65,435","63,812","64,476","62,782","62,594"
14,"144","138","141","136","138","140","147","149","142","117,166","114,530","119,858","117,678","116,965","118,580","124,656","121,246","110,382"
15,"185","162","158","161","152","153","150","162","152","142,964","125,488","123,012","126,547","118,176","119,034","116,550","120,505","109,882"
16,"145","137","132","138","137","136","136","140","139","149,069","140,715","139,806","145,405","144,282","141,440","140,488","135,150","131,053"
17,"162","152","143","144","138","135","143","139","134","131,099","125,892","121,975","122,108","115,760","113,805","120,978","111,175","103,692"
18,"237","202","201","231","219","224","205","232","222","159,826","138,241","150,446","166,493","161,511","162,176","150,880","170,335","151,564"
19,"184","163","161","165","151","154","146","159","154","203,036","184,756","179,680","187,910","171,403","175,714","167,024","173,123","161,740"
20,"161","142","128","143","136","136","138","144","138","141,300","124,937","113,772","129,480","120,213","120,768","122,406","125,822","115,374"
21,"111","116","111","116","116","116","123","135","131","29,471","37,359","39,636","40,109","40,078","40,600","43,050","43,343","37,635"
22,"130","131","103","119","99","88","93","104","103","20,616","20,462","18,702","18,538","16,921","18,216","21,576","19,756","17,871"
23,"146","151","132","135","126","125","128","129","136","28,233","29,035","26,672","26,887","25,282","25,250","25,856","24,555","24,203"
24,"141","122","122","118","116","119","123","121","124","55,713","45,509","48,618","44,073","40,591","41,055","42,558","36,236","34,713"
25,"248","209","194","221","203","206","188","216","195","206,342","175,117","166,085","191,849","173,380","176,748","161,492","180,334","160,112"
26,"--","--","--","--","--","--","--","--","--","0","0","0","0","0","0","0","0","0"
27,"168","154","154","155","152","148","167","161","159","108,915","100,683","103,382","104,820","102,304","102,268","116,232","109,327","102,127"
28,"236","205","203","250","236","238","226","256","248","57,903","51,762","53,692","64,736","59,354","55,692","53,562","61,767","58,483"
29,"224","196","197","198","186","197","185","200","181","56,045","57,279","58,293","59,410","54,969","51,417","48,285","57,960","51,573"
30,"126","123","96","107","114","115","132","131","126","12,560","11,904","11,581","10,876","12,568","12,880","14,520","13,793","12,832"
31,"233","194","192","212","192","200","194","207","205","131,015","109,618","109,944","124,061","111,069","115,800","112,326","116,600","112,783"
32,"105","101","97","98","93","92","93","84","82","7,267","6,949","6,810","7,056","6,449","6,440","6,510","5,515","5,190"
33,"--","142","156","168","157","142","139","156","151","0","3,226","3,738","4,277","4,013","3,976","4,170","4,201","3,626"
34,"150","134","120","134","128","132","137","141","134","80,747","75,360","76,972","88,451","123,742","135,696","143,713","143,105","146,502"
35,"151","135","118","122","115","113","120","124","119","53,479","64,949","74,007","86,030","91,088","97,406","109,920","109,703","118,415"
36,"176","150","146","145","136","137","134","140","133","130,836","115,516","115,969","116,020","107,593","109,189","106,664","106,075","98,278"
37,"121","116","95","110","101","99","102","108","109","64,273","62,365","62,018","65,140","62,701","62,667","65,790","61,458","55,186"
38,"175","158","158","158","150","147","143","155","146","138,706","123,941","125,891","128,666","119,551","117,306","117,546","122,341","126,590"
39,"154","149","142","146","146","143","151","153","150","130,709","131,464","133,236","142,192","138,823","136,708","144,205","139,048","131,581"
40,"136","127","120","129","123","122","125","131","127","86,608","83,395","86,262","90,057","87,455","87,230","90,500","88,189","83,486"
41,"174","141","139","150","136","132","135","143","137","63,541","51,633","52,020","56,621","49,989","48,840","50,220","49,620","46,431"
42,"266","231","234","262","228","236","212","233","223","89,969","78,075","79,393","89,453","76,976","79,768","71,656","77,236","71,639"
43,"227","188","187","206","188","200","185","214","199","83,487","72,519","72,779","80,147","73,249","77,600","71,965","79,933","73,135"
44,"322","275","284","330","291","300","258","311","261","42,089","39,605","43,790","51,210","45,774","47,400","41,538","48,230","39,977"
45,"188","166","167","183","155","154","158","161","156","163,183","170,268","189,135","213,688","226,855","241,318","247,744","244,660","225,920"
46,"179","161","157","154","156","151","156","156","159","70,701","64,521","63,861","64,564","62,992","61,004","63,180","58,358","59,345"
47,"278","200","199","207","201","191","189","231","191","6,400","3,988","3,584","4,607","4,427","4,202","4,347","4,385","3,442"
48,"149","140","138","152","142","142","151","155","155","62,682","59,842","61,236","69,193","62,728","62,196","66,138","65,102","62,573"
49,"144","137","123","138","139","134","145","152","152","101,626","104,247","100,226","113,487","112,368","110,014","119,625","115,614","114,279"
50,"170","155","154","151","157","158","154","154","151","68,455","66,117","68,088","66,631","68,576","66,044","64,218","63,590","58,610"
51,"133","118","108","121","117","111","113","124","132","48,067","43,140","42,603","46,466","44,304","42,069","42,488","43,410","45,166"
52,"125","112","102","113","114","116","112","118","121","22,608","20,503","19,436","21,405","21,686","19,836","19,264","19,900","19,537"
53,"179","158","164","156","150","148","152","155","152","84,278","76,227","84,315","82,305","78,118","75,036","77,064","76,877","73,350"
54,"153","146","148","152","152","150","160","166","165","77,780","75,054","83,969","78,567","82,403","82,050","87,040","83,799","82,117"
55,"198","172","169","181","163","162","161","176","170","131,714","115,010","115,190","124,646","111,040","110,808","109,319","114,662","108,213"
56,"255","191","190","200","189","193","186","192","196","24,524","18,997","19,028","20,239","18,948","19,493","18,786","18,409","18,400"
57,"169","155","143","137","107","126","127","128","126","12,236","11,484","10,874","10,070","14,980","18,522","18,796","17,872","16,622"
58,"177","161","160","166","158","163","166","166","167","41,892","39,730","40,068","41,945","39,369","40,261","41,002","39,057","38,324"
59,"149","144","148","142","141","135","140","155","157","45,532","45,901","57,410","55,409","54,151","53,190","55,580","57,646","56,690"
60,"--","--","--","--","--","--","--","--","--","0","0","0","0","0","0","0","0","0"
61,"161","154","151","150","142","141","141","143","143","42,240","40,738","41,661","44,685","38,755","39,057","39,057","37,535","36,572"
62,"--","--","--","--","--","--","--","--","--","0","0","0","0","0","0","0","0","0"
64,"166","149","145","151","147","143","140","150","153","25,989","35,263","34,428","37,388","22,495","33,176","32,480","30,413","30,917"
65,"--","--","--","--","--","--","--","--","--","0","0","0","0","0","0","0","0","0"
66,"--","--","--","--","--","--","--","--","--","0","0","0","0","0","0","0","0","0"
67,"--","--","--","--","--","--","--","--","--","0","0","0","0","0","0","0","0","0"
68,"176","162","165","158","144","146","148","153","154","59,690","54,573","56,487","50,550","49,263","49,932","50,616","49,466","48,979"
69,"339","271","265","303","272","266","245","285","274","83,444","66,619","67,248","75,202","67,045","66,500","61,250","66,878","60,053"
70,"131","125","117","128","117","109","110","112","115","63,213","61,447","60,693","64,125","58,008","53,955","55,000","50,777","47,280"
71,"169","153","157","149","140","140","152","159","157","30,002","30,584","32,254","30,859","29,104","29,120","31,464","30,843","29,261"
72,"179","155","155","161","154","158","163","165","164","39,730","35,463","35,234","37,365","35,338","36,656","37,979","36,328","33,374"
73,"134","126","122","126","127","126","128","137","132","99,918","100,093","108,360","113,782","121,225","124,236","140,800","152,942","155,043"
74,"167","143","131","121","111","109","105","114","116","18,048","15,247","14,325","13,427","12,013","11,772","11,340","11,546","11,401"
75,"442","246","258","303","263","261","244","280","247","121,438","90,898","103,355","123,789","105,404","104,400","97,356","109,951","94,017"
76,"177","151","155","155","144","146","140","154","149","107,464","134,714","161,418","152,242","150,409","152,570","159,040","169,223","166,227"
77,"155","135","149","142","140","144","147","157","148","141,360","139,565","158,340","141,175","148,524","152,208","160,083","165,432","169,696"
78,"153","133","146","143","140","140","145","147","142","65,773","71,042","81,450","74,009","77,228","76,720","79,460","78,296","74,984"
79,"--","--","--","--","--","--","--","--","--","0","0","0","0","0","0","0","0","0"
80,"106","121","108","115","111","111","121","129","145","13,890","15,825","14,626","15,247","14,573","14,652","15,972","14,978","16,201"
81,"178","159","164","155","143","148","156","156","149","48,954","44,095","46,085","40,456","39,874","41,440","43,680","42,661","40,146"
82,"209","165","171","179","168","176","177","191","183","74,445","60,686","72,370","73,583","72,704","74,272","74,871","79,737","75,324"
83,"--","--","--","173","108","108","121","141","122","0","0","0","6,654","5,566","5,616","6,292","8,308","6,447"
84,"171","149","135","174","137","149","151","154","152","8,585","7,537","7,271","8,195","9,615","9,983","9,815","9,266","8,344"
85,"126","122","113","129","121","114","122","125","125","67,340","68,357","73,841","71,499","69,240","66,234","70,638","62,657","56,412"
86,"--","--","--","--","69","73","84","95","79","0","0","0","0","863","803","924","1,144","631"
87,"113","101","104","109","103","104","105","117","114","34,994","42,831","32,668","34,830","33,158","33,488","33,810","34,289","30,011"
88,"123","122","105","113","113","115","118","127","121","49,628","50,464","50,643","49,247","52,419","53,015","54,752","52,439","49,619"
89,"159","153","148","150","143","142","145","148","145","82,874","80,790","80,598","81,911","77,624","77,106","78,735","75,595","72,048"
90,"144","130","121","125","119","113","116","123","124","45,862","42,390","40,876","42,029","39,437","37,290","38,280","37,485","33,764"
91,"178","164","161","161","158","149","152","150","149","118,586","109,100","110,968","111,450","108,021","102,810","104,880","99,058","95,096"
92,"94","101","102","106","90","89","99","131","143","10,218","11,038","13,079","12,841","11,466","11,392","12,672","15,353","15,886"
93,"--","--","--","--","--","--","--","--","--","0","0","0","0","0","0","0","0","0"
94,"178","154","156","149","146","140","144","156","143","58,504","51,442","54,512","51,389","50,141","47,320","49,392","48,742","44,957"
95,"166","156","162","156","150","151","161","167","153","58,047","54,270","57,524","51,889","53,249","53,454","57,155","57,451","50,709"
96,"160","154","164","151","150","150","155","158","157","93,367","90,355","99,363","85,239","90,170","90,000","92,690","90,955","87,973"
97,"166","148","160","154","137","141","142","148","148","165,777","147,033","161,449","144,380","138,128","141,564","142,710","143,275","139,155"
98,"136","125","118","128","129","127","133","140","138","94,109","91,578","97,146","120,289","136,329","134,239","153,349","157,010","165,446"
99,"155","149","147","160","145","142","143","144","139","95,527","91,877","93,465","101,697","92,051","90,596","91,234","86,879","82,514"
100,"134","127","125","130","125","126","125","130","123","75,816","72,751","75,519","77,181","73,406","72,072","71,375","69,692","62,449"
101,"161","144","131","134","128","125","131","133","138","13,196","12,007","11,491","11,878","11,556","12,000","12,445","12,117","11,856"
102,"155","148","138","147","137","136","137","141","144","43,661","42,523","42,714","45,372","41,820","43,384","43,840","41,648","40,432"
103,"131","140","128","135","143","141","146","137","140","28,225","30,271","29,678","31,996","31,945","31,866","32,996","28,970","27,546"
105,"146","136","128","136","135","121","129","139","121","20,934","19,477","19,014","20,360","19,876","17,787","18,834","18,580","15,913"
106,"122","90","90","99","96","105","105","117","127","4,386","3,265","3,406","3,535","3,426","3,780","3,885","3,875","3,952"
107,"136","135","134","132","132","125","142","143","153","14,800","14,675","14,841","14,587","14,462","13,500","15,336","14,986","16,031"
108,"156","141","141","153","145","142","139","148","144","70,738","64,318","66,365","71,997","67,500","66,172","69,361","73,492","70,058"
109,"273","240","230","268","206","242","216","246","222","121,713","116,473","118,096","140,780","107,939","127,776","117,072","133,560","119,769"
110,"140","136","132","133","136","141","131","136","141","46,644","46,239","47,249","48,200","49,134","52,452","54,627","57,842","61,435"
111,"166","151","162","170","156","160","162","166","167","93,629","106,489","134,277","144,778","185,400","203,360","205,578","207,587","201,063"
112,"154","133","125","143","138","140","141","156","150","48,645","46,192","51,850","67,968","65,351","66,080","66,693","69,809","66,042"
113,"136","131","119","133","133","130","140","141","142","163,544","168,823","168,718","195,660","201,519","208,000","235,900","227,734","224,616"
114,"122","113","87","128","117","126","118","129","136","19,944","18,868","18,755","21,362","20,813","20,538","18,644","18,223","20,256"
115,"199","170","165","182","172","171","175","181","170","189,734","226,761","233,228","260,866","242,024","240,426","245,700","250,884","230,909"
116,"143","133","117","129","122","109","114","126","122","67,379","78,120","85,106","100,664","110,888","122,189","140,334","158,469","171,681"
117,"138","135","131","141","140","143","148","151","154","130,765","140,991","151,528","169,388","190,248","197,054","207,200","206,064","205,719"
118,"218","189","182","182","170","171","167","184","184","88,455","79,895","79,919","81,134","74,253","75,069","73,480","79,052","78,554"
119,"165","147","142","151","143","122","135","143","143","66,916","61,107","61,135","65,521","67,779","72,468","86,130","87,184","84,566"
120,"130","125","120","130","114","122","126","127","130","29,932","30,256","33,584","33,096","32,160","34,160","35,910","34,540","32,485"
121,"150","138","147","149","141","145","147","154","149","81,212","78,431","87,098","81,276","81,251","84,970","85,848","82,957","76,607"
122,"--","--","--","--","--","--","--","--","--","0","0","0","0","0","0","0","0","0"
123,"139","125","118","121","130","121","121","125","121","107,237","95,892","95,607","94,967","101,716","94,864","94,501","89,664","83,637"
124,"129","118","112","124","116","131","115","129","116","65,445","61,342","62,535","66,066","61,633","68,644","60,950","60,525","50,881"
125,"140","138","132","144","139","132","132","134","133","106,005","109,675","113,932","127,301","123,770","123,552","128,700","134,558","145,716"
126,"--","61","53","87","88","80","88","97","105","0","3,867","9,833","20,610","26,735","27,520","30,800","31,472","33,077"
127,"162","147","148","157","150","150","156","157","156","44,064","41,499","42,738","45,853","43,755","43,050","44,460","42,662","40,169"
128,"133","132","124","141","129","125","134","130","129","63,523","64,090","65,728","69,853","64,541","62,875","67,804","61,365","57,564"
129,"259","213","215","230","203","210","198","228","198","184,492","151,746","153,565","166,173","144,878","149,730","140,976","157,651","133,114"
130,"545","375","377","373","214","217","186","219","203","35,472","30,363","35,394","43,132","50,247","68,789","66,030","77,733","73,137"
131,"151","141","140","142","142","141","146","150","147","94,818","97,740","103,462","105,995","105,345","108,288","111,982","110,203","102,999"
132,"113","100","95","99","92","88","99","113","111","27,278","26,098","26,420","26,785","24,110","23,936","26,829","26,710","26,157"
133,"200","175","171","179","161","176","171","182","185","46,546","41,173","41,497","43,478","38,390","41,712","40,356","41,660","40,529"
134,"166","155","152","162","173","157","159","172","160","28,610","26,897","28,258","29,736","35,980","32,970","33,390","34,963","29,538"
135,"--","--","--","--","--","--","--","--","--","0","0","0","0","0","0","0","0","0"
136,"153","135","135","136","132","139","140","149","147","104,111","97,396","104,316","109,005","104,255","112,312","116,200","118,486","123,699"
137,"130","127","135","143","137","139","147","151","145","62,656","63,693","73,005","75,757","72,220","72,558","77,175","73,064","69,805"
138,"144","121","125","134","127","120","120","139","130","31,953","26,508","29,756","30,904","29,510","29,640","30,840","32,548","29,378"
139,"134","137","130","135","182","133","139","140","140","57,330","60,287","61,027","62,268","84,637","62,111","64,635","61,862","60,652"
140,"156","139","139","140","143","139","140","139","144","138,956","124,871","131,546","130,111","131,025","127,880","139,300","130,611","135,809"
141,"128","121","109","124","124","116","111","133","122","31,627","29,496","30,840","30,547","31,186","28,768","27,750","29,493","27,096"
142,"165","148","138","161","149","149","164","157","151","37,377","34,129","36,082","39,968","39,925","40,081","43,952","38,121","34,371"
143,"233","201","204","221","202","212","202","232","220","79,973","69,870","72,244","78,413","72,117","75,896","72,518","81,188","74,866"
144,"159","139","121","144","132","132","138","145","141","20,579","19,760","21,465","26,651","24,209","24,420","25,530","24,676","28,716"
145,"158","149","148","151","142","149","148","157","155","55,950","53,202","54,963","55,555","52,303","56,024","55,352","54,179","52,960"
146,"165","152","145","153","158","158","157","160","157","90,170","86,719","86,643","95,592","97,521","96,854","96,398","93,415","90,280"
147,"161","142","127","145","145","144","147","151","150","59,877","56,824","56,959","67,634","67,750","67,248","68,649","65,545","65,931"
148,"260","203","210","228","200","201","196","211","200","145,885","118,725","122,902","140,028","128,361","130,047","126,420","133,992","124,349"
149,"119","118","126","117","125","123","127","139","126","12,347","16,804","18,903","17,802","18,934","19,557","20,447","21,748","19,769"
150,"142","133","133","143","133","134","137","146","141","70,173","65,787","68,664","74,310","69,328","77,050","78,912","82,179","84,596"
151,"238","188","189","208","192","190","189","199","189","209,276","169,495","171,960","197,456","177,911","175,370","174,447","179,869","166,728"
152,"135","136","126","132","134","134","133","140","148","34,748","34,761","33,648","32,410","37,328","39,128","40,033","40,773","42,563"
153,"205","178","182","195","187","191","185","194","185","243,422","214,640","222,164","223,232","226,972","231,110","234,025","244,268","235,327"
154,"170","148","151","163","148","151","151","164","160","120,797","106,952","111,206","111,606","108,222","110,381","110,381","115,444","110,188"
155,"157","145","132","142","136","134","143","148","144","113,331","113,588","116,573","132,294","124,846","121,940","130,845","129,856","129,745"
156,"136","133","141","136","137","131","143","146","143","130,812","140,706","166,654","165,242","164,570","172,396","198,055","195,562","192,530"
157,"118","104","84","97","108","101","104","110","110","33,762","19,419","18,538","17,811","20,446","18,786","19,240","18,275","16,766"
158,"137","141","123","132","133","133","135","137","142","151,930","166,272","153,830","167,031","167,152","162,526","166,320","162,744","163,646"
159,"138","129","106","132","129","127","129","134","129","31,047","32,264","32,441","34,236","36,259","38,227","39,345","36,277","34,489"
160,"151","144","135","136","135","133","132","134","134","121,826","117,658","115,932","118,073","114,184","115,710","115,632","111,208","105,871"
161,"226","190","192","218","183","194","194","202","213","17,790","15,542","18,272","22,221","22,881","25,026","24,832","25,221","25,716"
162,"155","145","142","146","147","142","150","154","151","101,384","95,869","98,646","99,623","100,480","97,128","102,450","105,172","99,308"
163,"123","122","109","128","115","125","126","139","143","22,913","23,778","27,145","30,701","28,156","32,000","32,130","30,901","31,565"
164,"155","142","133","135","131","132","135","139","140","65,158","59,106","63,277","63,803","59,731","61,512","63,315","59,361","57,787"
165,"147","151","149","154","155","153","153","155","160","34,886","36,318","38,025","38,289","38,367","37,944","37,944","36,514","37,010"
166,"174","146","147","146","158","132","115","137","144","17,276","14,530","15,024","15,276","15,821","15,312","17,480","19,755","19,575"
167,"174","178","179","163","172","172","166","178","182","15,233","15,999","16,788","15,692","16,397","16,340","15,936","15,703","15,143"
168,"158","150","136","138","134","129","131","132","129","67,621","64,660","61,088","61,424","58,516","57,018","57,902","55,323","51,558"
169,"288","230","216","259","238","239","222","248","232","121,733","97,062","92,092","112,071","100,933","101,575","94,350","102,090","93,532"
170,"286","227","218","257","230","233","221","255","231","124,990","99,484","96,506","116,624","104,462","105,782","100,113","113,924","101,290"
171,"240","226","207","221","222","222","211","228","211","31,947","30,248","27,914","30,223","29,846","29,748","28,274","29,848","27,236"
172,"208","183","181","191","178","161","168","180","167","125,900","119,086","118,832","129,338","123,240","134,596","145,488","151,720","135,512"
173,"133","137","124","132","132","138","143","145","137","43,509","48,032","50,936","52,725","53,087","55,752","57,200","54,153","50,174"
174,"158","150","159","152","144","145","151","152","146","70,003","68,087","79,069","64,437","66,570","66,410","68,856","71,486","68,364"
175,"195","168","163","171","161","163","159","172","158","131,195","115,061","112,460","116,930","108,751","109,210","106,848","113,255","104,629"
176,"205","168","160","180","166","165","163","173","168","198,540","162,655","156,010","177,172","161,492","161,040","159,088","164,934","154,405"
177,"207","188","186","200","190","189","179","205","191","114,737","105,220","105,706","116,696","109,046","108,486","103,283","114,331","104,717"
178,"139","130","119","115","98","96","102","107","104","20,489","19,094","19,944","17,948","29,828","34,080","36,210","38,780","47,295"
179,"190","164","159","167","159","165","167","185","183","118,108","101,431","100,835","103,788","99,943","103,785","105,377","112,193","106,048"
180,"151","135","134","149","151","144","153","152","139","63,478","61,560","67,027","74,597","74,960","72,000","77,112","72,034","64,510"
181,"261","201","205","222","208","206","187","204","192","180,121","141,075","145,276","159,621","147,752","145,024","131,461","140,935","129,135"
182,"142","140","136","133","125","118","126","126","115","26,899","29,254","29,459","28,713","26,680","23,246","24,822","25,493","22,493"
183,"156","138","129","134","141","145","154","161","155","23,788","21,204","21,520","21,575","22,629","23,200","24,948","24,002","22,255"
184,"116","116","115","121","119","121","124","139","139","75,454","76,079","77,194","82,473","79,183","80,344","82,088","84,819","84,491"
185,"--","--","--","--","--","--","--","--","--","0","0","0","0","0","0","0","0","0"
186,"167","153","147","148","146","145","152","152","150","127,209","116,684","118,438","120,446","116,657","116,145","121,448","113,601","109,215"
187,"258","205","206","227","202","202","189","200","191","78,642","63,160","63,715","71,402","62,299","62,418","58,401","59,953","55,740"
188,"266","205","193","217","197","195","177","210","197","72,433","60,889","58,953","74,806","78,542","79,755","78,057","86,141","77,293"
189,"498","336","351","371","306","340","313","377","349","26,157","17,811","18,622","19,831","16,202","18,020","16,589","19,979","17,460"
190,"139","131","129","141","132","132","131","138","134","42,386","41,445","46,370","48,005","45,296","44,616","45,064","46,435","43,800"
191,"146","134","132","144","133","138","140","144","138","111,403","102,491","103,259","114,844","102,863","107,502","110,320","107,441","99,928"
192,"159","141","124","141","139","138","140","152","146","56,926","65,982","75,628","103,982","108,081","106,398","113,260","119,390","124,214"
193,"199","183","176","198","187","190","185","201","194","62,088","71,862","59,940","67,472","62,277","62,890","61,420","67,418","64,969"
194,"339","259","268","288","246","259","234","271","245","232,071","183,090","196,968","225,749","204,099","218,855","199,368","228,054","204,445"
195,"165","148","149","157","152","156","151","163","159","86,280","81,469","83,885","81,610","83,922","81,276","79,577","86,754","82,725"
196,"145","141","132","142","142","145","151","148","153","58,836","59,022","61,408","65,898","71,869","74,820","78,067","73,628","71,495"
197,"170","152","158","157","155","158","164","167","158","58,828","54,120","57,774","58,397","57,465","58,776","61,008","58,959","53,591"
198,"202","185","177","190","180","180","180","182","172","65,326","64,285","63,508","68,732","64,258","63,000","63,180","63,140","57,549"
199,"149","137","149","149","148","145","157","162","155","33,687","35,326","44,257","45,189","43,478","42,630","46,315","45,911","43,554"
200,"--","--","--","--","--","--","--","--","--","0","0","0","0","0","0","0","0","0"
201,"336","252","260","306","267","281","256","283","255","190,642","144,407","151,977","182,733","165,158","173,939","159,232","172,331","149,619"
202,"166","156","151","160","156","155","155","157","157","69,859","66,824","67,250","70,642","68,277","68,045","68,355","65,494","62,535"
203,"147","135","141","151","136","133","141","146","147","61,623","61,170","71,382","83,733","88,377","85,652","90,945","91,105","89,001"
204,"144","132","115","150","135","133","137","147","148","85,678","78,116","70,439","98,859","87,655","86,716","89,187","90,752","89,405"
205,"287","232","238","266","236","249","228","253","230","83,967","71,933","73,904","85,014","78,532","85,905","81,396","89,979","88,886"
206,"206","178","183","196","180","188","178","191","174","59,209","51,065","52,760","57,215","51,688","54,144","51,264","54,028","49,112"
207,"--","--","--","--","--","--","--","--","--","0","0","0","0","0","0","0","0","0"
208,"304","260","260","295","268","277","252","285","281","194,890","170,758","184,055","208,143","188,955","187,252","170,100","187,830","181,301"
209,"138","131","124","130","132","133","141","141","144","130,339","132,827","143,089","160,353","158,890","160,132","169,482","161,798","157,316"
210,"--","--","--","90","106","114","123","105","101","0","0","0","1,105","1,900","1,938","2,091","1,370","1,212"
211,"146","143","135","139","140","136","146","145","145","115,008","112,930","113,897","118,403","116,956","114,376","123,370","114,746","113,648"
212,"177","163","169","172","155","146","151","157","155","38,892","35,179","38,330","38,064","33,996","32,266","33,220","31,505","32,006"
213,"158","148","149","159","141","140","139","150","146","64,527","60,553","62,023","65,418","57,965","58,380","57,685","58,328","54,403"
215,"304","248","258","281","253","258","238","271","254","93,674","77,325","82,305","91,932","81,384","83,076","77,826","85,145","77,851"
216,"243","214","207","220","241","230","218","225","223","43,818","38,728","39,480","45,187","48,630","45,080","42,946","44,230","41,494"
217,"270","228","223","233","243","217","206","225","216","131,019","111,126","110,323","115,522","118,159","107,415","102,176","105,861","98,999"
218,"178","159","157","167","156","151","147","146","144","117,772","105,983","106,136","114,483","105,163","101,925","99,225","93,526","92,517"
219,"156","151","135","145","140","133","144","159","148","22,157","28,264","26,705","28,317","28,315","28,063","30,096","30,189","27,457"
220,"165","147","144","152","150","143","137","145","152","97,443","86,059","88,137","92,945","92,223","89,089","84,803","83,251","84,975"
221,"142","134","131","140","140","140","139","144","143","51,661","49,182","50,014","53,805","53,200","54,040","53,932","52,847","52,426"
222,"200","180","173","179","165","170","161","184","169","89,516","82,331","81,298","85,227","78,638","80,410","76,636","85,278","80,282"
223,"158","147","132","144","142","138","143","143","139","94,662","86,774","83,842","86,360","85,389","82,248","84,656","78,145","73,539"
224,"194","173","161","181","156","157","152","163","152","83,378","74,579","69,712","79,296","67,187","67,824","65,816","69,263","63,070"
225,"--","--","--","--","--","--","--","--","--","0","0","0","0","0","0","0","0","0"
226,"122","118","122","130","115","122","121","125","127","23,481","23,020","24,237","26,676","22,616","23,668","23,474","23,082","23,201"
227,"--","137","139","143","145","140","150","153","148","0","95,718","101,490","105,273","105,808","102,480","110,250","105,570","99,474"
228,"--","--","--","--","54","53","67","105","92","0","0","0","0","4,220","11,183","30,016","58,115","72,880"
229,"134","116","105","127","128","131","132","141","141","45,075","81,669","94,180","127,271","143,054","154,842","173,316","192,962","184,969"
230,"146","144","138","137","137","137","143","146","143","28,024","29,127","30,596","27,155","29,067","29,318","30,745","29,098","27,392"
231,"136","132","132","136","133","134","138","146","140","84,186","81,989","84,645","81,292","83,637","84,956","96,738","95,521","89,257"
232,"131","125","121","127","125","126","131","136","138","114,735","112,286","114,137","116,374","120,889","122,724","127,725","144,776","142,321"
233,"235","193","180","211","179","180","173","183","172","116,821","95,818","90,227","106,333","95,113","97,920","94,112","97,022","88,806"
234,"158","148","139","145","140","139","141","148","141","125,291","122,984","119,465","123,147","119,186","122,042","127,323","130,741","128,987"
235,"163","151","143","149","138","137","140","152","148","113,497","108,026","104,001","109,450","102,982","101,106","103,880","107,013","101,546"
236,"277","247","242","244","224","224","218","233","213","55,161","49,196","48,360","49,264","44,935","44,800","43,382","43,730","38,895"
237,"144","136","125","140","138","137","141","163","144","101,820","106,157","110,501","132,167","137,810","137,137","144,384","160,909","140,853"
238,"143","139","137","151","145","138","139","147","146","99,808","96,958","112,772","124,225","119,276","114,264","115,231","114,591","110,867"
240,"113","108","104","102","102","95","99","114","112","59,906","57,201","56,969","57,006","55,803","53,865","57,222","56,899","54,064"
241,"314","256","252","272","242","253","226","255","239","192,832","157,088","156,494","172,288","151,369","157,872","140,798","156,512","143,178"
242,"172","156","147","149","154","151","161","169","160","82,059","75,638","74,540","77,257","76,880","76,104","81,305","81,575","85,229"
243,"140","166","183","261","88","89","118","138","131","1,789","2,156","2,742","3,265","9,656","31,862","64,546","96,244","100,813"
244,"160","145","145","141","140","137","141","150","148","100,367","91,629","94,742","93,518","90,824","89,461","92,355","93,087","87,851"
245,"158","153","143","144","151","135","145","155","136","32,562","31,789","30,682","30,969","31,848","28,080","30,160","30,444","25,411"
246,"146","134","124","139","124","130","130","138","137","21,130","19,549","18,540","20,673","18,110","19,110","19,110","19,479","18,207"
247,"--","--","--","--","--","156","178","205","133","0","0","0","0","0","1,716","1,958","2,259","1,590"
248,"--","--","--","--","--","--","--","--","--","0","0","0","0","0","0","0","0","0"
249,"173","158","154","169","160","146","163","153","166","8,849","8,150","8,330","9,044","8,199","7,592","8,313","7,196","7,460"
250,"157","144","149","149","145","139","145","145","146","47,294","42,845","45,716","43,495","44,046","42,673","44,370","22,186","23,252"
251,"157","146","149","156","150","156","162","168","162","88,303","93,000","98,662","100,371","103,611","107,796","111,618","113,111","105,424"
252,"186","166","160","167","152","148","153","163","163","61,078","54,641","53,604","56,416","50,518","50,616","52,479","55,830","53,287"
253,"237","200","189","210","190","197","185","205","191","126,510","107,313","101,398","115,215","101,757","105,789","99,345","107,291","97,572"
254,"105","105","109","127","148","130","69","103","109","3,375","3,365","4,138","4,297","4,957","4,420","4,554","7,709","15,423"
255,"302","239","226","267","228","237","209","241","221","174,516","137,823","131,779","157,365","132,166","138,408","124,355","142,001","126,108"
256,"270","188","176","202","155","145","146","160","147","109,392","88,563","114,958","166,488","210,756","252,010","303,242","352,400","383,831"
257,"130","126","123","125","126","129","140","150","147","108,124","122,185","121,830","126,478","137,304","145,770","158,480","161,769","149,418"
258,"156","153","143","143","143","142","144","146","143","140,317","140,001","145,862","153,471","153,381","153,218","156,096","148,105","139,403"
259,"142","146","142","149","149","146","153","155","150","77,634","82,073","82,600","88,407","85,424","85,556","89,658","87,749","81,835"
260,"142","134","125","137","133","131","131","135","135","128,371","124,744","123,391","132,740","131,078","135,192","135,192","130,995","127,431"
261,"179","153","149","155","146","141","142","147","139","149,854","128,544","127,293","133,458","124,037","121,119","122,120","118,262","109,213"
262,"336","265","261","296","249","256","229","275","247","337,432","268,787","264,114","305,430","253,865","258,816","231,748","276,223","240,785"
263,"245","201","197","214","197","205","187","212","194","174,995","145,149","143,854","159,576","146,335","152,315","139,128","152,930","138,235"
264,"197","164","157","166","158","162","168","169","166","56,918","54,799","57,793","63,676","59,764","61,236","63,504","62,614","60,467"
265,"161","147","144","146","143","144","141","140","137","85,944","78,552","78,972","77,274","78,101","78,192","76,704","73,038","69,572"
266,"144","138","134","140","132","137","145","150","151","128,160","124,828","126,162","145,799","135,710","142,891","151,090","145,398","145,893"
267,"163","153","160","164","146","148","155","162","155","229,435","236,102","255,447","256,164","262,634","268,916","281,325","281,189","276,120"
268,"163","157","150","151","154","150","152","158","152","93,512","91,793","91,215","91,274","93,107","90,750","92,720","91,260","81,855"
269,"233","191","191","211","182","185","173","196","180","145,034","121,371","124,074","139,923","123,678","126,540","118,159","130,264","115,308"
270,"--","--","--","--","--","--","--","--","--","0","0","0","0","0","0","0","0","0"
271,"158","148","137","137","136","133","133","134","141","66,205","61,609","60,943","59,147","58,824","57,589","57,323","53,866","54,554"
272,"--","--","--","--","--","--","--","--","--","0","0","0","0","0","0","0","0","0"
273,"128","129","132","137","139","136","144","144","149","75,353","78,567","84,557","90,137","103,492","102,952","109,008","102,946","101,491"
274,"--","--","--","--","--","--","--","--","--","0","0","0","0","0","0","0","0","0"
275,"232","198","195","206","185","191","183","198","190","99,019","85,641","85,635","92,141","81,210","81,939","78,690","83,992","80,309"
276,"166","153","150","155","147","149","154","153","151","106,425","99,179","99,050","104,536","96,531","96,105","99,176","97,202","92,917"
277,"140","136","125","138","134","133","139","145","142","70,146","81,923","92,727","102,669","121,205","135,527","151,788","155,483","171,782"
278,"150","145","142","141","141","123","142","149","165","18,595","20,614","20,739","20,940","20,745","20,295","24,140","24,678","26,281"
279,"--","131","--","--","--","--","--","--","--","0","11,197","0","0","0","0","0","0","0"
280,"137","140","129","148","141","142","152","163","160","46,411","49,899","50,153","56,071","55,045","56,232","61,712","63,686","61,673"
281,"--","--","--","--","--","22","55","86","93","0","0","0","0","0","1,210","4,895","7,201","7,587"
282,"137","134","126","128","135","134","135","144","150","58,459","60,256","61,229","66,013","67,754","67,536","69,390","69,964","69,890"
283,"142","139","138","134","133","132","138","140","142","107,388","108,706","113,966","110,030","108,327","106,788","112,470","110,163","108,409"
284,"382","274","298","327","226","215","177","209","195","92,654","67,441","75,571","94,100","84,663","96,535","91,863","111,312","115,744"
285,"--","--","--","--","--","--","--","--","--","0","0","0","0","0","0","0","0","0"
286,"137","124","112","130","112","108","117","127","125","5,843","4,793","5,162","5,134","4,424","4,104","4,446","4,177","3,865"
287,"108","105","85","90","92","88","97","118","98","4,082","6,365","4,060","3,920","4,029","3,256","3,880","5,080","3,732"
288,"194","171","166","172","160","165","156","163","157","115,573","102,187","103,511","106,915","99,437","102,630","97,188","98,781","91,472"
289,"155","143","150","150","139","141","143","146","140","185,223","176,555","192,351","182,612","204,368","227,574","242,814","262,002","268,926"
290,"123","111","106","110","105","102","106","114","98","25,077","23,108","24,096","22,276","20,860","19,992","20,882","18,965","15,624"
291,"126","124","118","128","136","138","135","131","125","18,973","18,524","18,567","20,059","20,997","21,528","21,060","19,185","17,663"
292,"132","135","125","130","128","121","133","142","131","27,670","28,557","30,244","27,186","27,758","26,136","29,260","27,908","24,751"
293,"126","120","93","118","115","108","105","111","118","31,424","29,992","28,838","32,709","32,650","31,752","31,815","28,372","28,477"
294,"131","128","103","125","120","120","146","134","126","20,430","19,946","19,762","20,581","19,887","21,000","25,404","20,314","18,242"
295,"123","122","117","127","115","116","120","119","116","28,582","29,102","29,584","31,559","27,965","28,420","29,520","27,355","24,039"
296,"139","138","126","135","136","134","144","154","150","36,068","61,914","70,503","87,682","104,738","108,942","118,080","119,834","117,013"
297,"321","252","255","279","240","252","233","289","237","48,083","38,087","38,449","43,376","36,793","38,052","35,183","43,278","35,538"
298,"--","--","--","--","--","--","--","--","--","0","0","0","0","0","0","0","0","0"
299,"146","139","135","137","142","140","149","148","146","98,090","97,796","100,552","113,085","119,889","119,280","126,054","119,091","112,638"
300,"179","146","91","--","--","119","--","85","73","2,158","1,726","1,721","0","0","1,428","0","507","440"
301,"151","148","136","141","141","138","147","153","145","104,052","107,610","108,126","116,495","113,919","112,608","119,511","116,451","104,490"
302,"232","197","198","209","190","198","190","213","195","162,541","138,766","139,722","148,866","133,488","139,392","133,760","146,753","131,541"
303,"197","161","164","166","162","167","159","175","162","28,965","23,571","24,086","28,240","23,741","24,549","23,373","25,018","22,912"
304,"--","--","--","--","--","--","--","88","96","0","0","0","0","0","0","0","615","673"
305,"111","109","112","110","112","103","116","128","136","18,733","22,559","24,391","23,459","24,768","29,046","34,916","39,469","41,255"
306,"132","121","108","139","139","114","132","156","155","3,250","2,935","3,461","3,730","3,681","3,078","3,960","4,062","4,500"
307,"173","159","171","157","151","156","153","157","147","122,377","120,430","132,794","114,200","117,100","114,348","112,608","118,361","106,063"
308,"196","156","161","168","160","160","158","168","157","78,198","76,026","79,311","84,629","78,653","78,880","77,894","79,928","74,487"
309,"208","181","184","193","170","173","174","181","174","102,400","92,392","95,816","102,072","91,416","97,053","97,614","99,786","92,854"
310,"186","163","165","171","163","161","168","174","165","120,828","106,749","112,286","118,020","110,694","107,548","112,392","115,672","106,550"
311,"117","111","99","116","104","101","106","115","112","57,852","55,840","56,676","59,633","54,963","52,924","55,544","51,311","46,795"
312,"159","152","145","143","138","142","145","146","141","38,419","37,048","37,175","37,650","35,472","36,778","37,700","34,054","33,066"
313,"170","156","167","162","154","154","156","163","161","74,288","67,211","74,462","66,650","68,103","68,222","68,796","68,935","65,867"
314,"115","113","106","116","116","109","109","124","122","48,210","47,940","46,306","48,161","48,347","45,889","45,889","48,596","44,437"
315,"110","111","104","115","105","108","115","123","120","29,078","29,309","28,887","30,592","29,160","30,132","32,315","31,806","28,429"
316,"175","162","154","157","155","152","159","150","157","87,389","80,323","78,571","80,032","78,493","77,064","80,454","72,114","72,707"
317,"126","125","121","128","114","117","121","116","118","23,891","23,647","25,176","25,235","22,770","23,400","23,958","20,403","19,171"
318,"167","146","138","149","137","137","135","142","139","103,400","92,428","87,852","97,584","89,405","87,680","86,400","88,579","85,972"
319,"177","160","164","154","149","149","153","156","152","165,968","149,908","156,953","135,382","140,561","140,656","144,432","142,125","133,939"
320,"153","147","140","153","158","156","151","173","171","63,437","60,912","60,037","66,568","67,197","69,732","67,497","69,042","66,343"
321,"131","124","119","124","120","121","118","120","116","49,165","48,503","50,618","48,614","48,458","48,884","49,088","45,145","42,516"
322,"171","152","148","145","143","139","146","143","135","66,468","60,590","61,002","60,334","59,051","56,573","58,838","56,108","51,085"
323,"169","161","150","151","152","148","154","166","158","116,223","110,936","107,267","106,642","107,810","106,264","109,956","111,251","103,392"
324,"250","201","206","210","193","191","169","206","184","111,805","100,146","104,054","107,388","96,711","97,219","99,034","116,262","110,648"
325,"163","151","144","147","147","140","146","149","150","100,027","99,285","98,338","100,753","100,584","91,420","95,630","97,692","95,447"
326,"122","118","113","113","107","97","100","108","112","28,412","26,703","28,658","26,526","25,002","22,795","23,600","22,360","20,369"
327,"140","135","127","143","135","133","131","139","132","44,109","42,536","42,255","46,151","43,775","42,560","42,313","42,284","39,675"
328,"139","131","123","133","134","132","139","155","142","42,995","40,902","39,892","43,667","43,474","43,428","45,592","47,492","46,642"
329,"148","145","138","150","136","138","144","147","143","82,997","81,600","80,370","89,231","79,360","79,902","83,376","79,954","77,341"
330,"139","129","130","135","135","133","141","147","139","94,078","86,319","97,715","100,931","99,603","97,356","103,494","102,971","95,212"
331,"169","157","151","156","147","148","149","146","137","24,463","22,749","22,915","29,647","27,315","27,676","28,012","26,097","23,491"
332,"143","135","137","131","135","132","140","149","146","70,212","76,509","87,582","83,715","85,602","83,952","89,040","89,879","84,852"
333,"157","150","143","143","144","142","143","144","143","149,770","146,262","149,940","154,664","157,709","156,342","157,729","149,338","146,653"
334,"--","--","--","--","--","--","--","--","--","0","0","0","0","0","0","0","0","0"
335,"202","168","170","181","168","168","160","172","163","176,270","157,398","169,753","179,639","169,579","169,512","172,000","179,971","174,604"
336,"171","150","148","156","152","149","157","165","155","149,067","147,910","153,178","163,519","155,828","153,470","168,147","170,225","175,036"
337,"181","168","172","170","156","164","163","178","176","88,352","82,350","90,033","93,115","85,651","91,184","92,258","95,942","91,128"
338,"98","95","70","102","84","89","79","93","85","33,004","27,076","29,078","26,737","18,966","15,931","12,640","9,883","4,257"
339,"110","93","75","72","76","90","96","107","111","2,560","2,381","2,867","2,756","5,599","6,930","7,392","7,394","7,558"
343,"107","102","100","112","106","104","110","128","120","58,858","56,893","60,949","65,033","62,160","62,400","67,100","72,673","65,251"
344,"113","104","95","114","107","110","115","114","114","34,035","32,525","34,201","37,771","35,890","36,630","38,410","35,000","32,176"
345,"141","124","130","127","124","124","133","141","140","46,187","41,267","44,784","43,685","41,970","42,904","46,284","43,139","43,126"
346,"151","136","132","153","131","131","133","128","132","95,721","87,141","89,912","101,779","87,235","88,294","89,908","78,835","77,863"
347,"133","133","111","135","113","90","102","117","113","24,768","22,733","24,155","25,465","23,747","22,320","26,724","24,170","22,975"
348,"144","133","140","131","132","131","131","144","142","167,548","154,287","168,626","159,720","159,461","159,558","168,728","175,340","168,815"
349,"304","243","241","275","246","254","226","261","244","80,417","64,672","65,099","73,400","66,144","67,564","61,246","67,254","61,032"
350,"222","203","199","212","191","195","193","208","202","65,719","60,836","60,158","64,558","57,319","58,500","57,900","60,211","56,482"
351,"236","195","201","226","199","204","191","215","196","68,693","58,883","62,947","72,642","63,293","64,872","60,738","66,078","61,416"
352,"251","207","219","248","213","229","204","219","191","44,202","36,275","38,505","44,005","37,199","40,304","35,904","37,046","32,525"
353,"199","169","172","183","169","167","160","176","167","177,690","156,279","161,658","173,005","162,400","162,992","158,720","169,531","157,982"
354,"172","152","146","145","135","135","135","135","137","17,448","15,282","15,013","15,069","13,829","12,825","12,690","13,187","12,630"
355,"197","174","163","177","162","167","165","187","171","41,597","36,722","34,672","38,197","34,240","35,404","34,980","37,726","32,682"
356,"478","340","340","411","322","329","288","332","306","432,375","310,650","317,504","393,362","321,115","333,277","291,744","328,735","295,549"
357,"142","130","136","138","126","126","123","135","133","88,934","90,439","87,059","89,854","79,749","81,270","81,057","82,715","79,698"
358,"208","196","188","207","191","195","192","207","205","130,453","123,219","119,143","132,263","120,160","123,045","120,576","122,153","115,949"
359,"178","158","162","168","152","158","156","174","168","123,777","112,401","117,305","122,643","112,020","115,814","113,880","123,416","113,882"
360,"--","145","138","142","136","133","138","146","140","0","182,892","185,697","195,628","201,173","208,145","235,842","253,878","252,199"
361,"134","137","108","114","109","102","98","107","106","45,017","45,558","45,290","58,592","64,672","62,832","63,798","62,735","58,073"
362,"142","133","122","130","124","123","125","129","121","106,847","98,908","96,732","99,820","95,246","94,341","96,500","89,901","79,776"
363,"108","102","93","113","102","101","102","112","105","83,241","79,075","85,993","91,018","86,850","85,951","87,414","81,394","68,444"
364,"301","247","246","285","252","258","242","274","257","238,858","198,973","198,540","231,136","203,743","212,850","199,650","210,376","186,976"
365,"113","113","103","107","102","105","105","111","111","55,700","57,418","63,723","67,779","60,604","62,055","62,370","61,270","54,986"
366,"126","121","111","118","109","104","110","116","114","23,178","25,231","24,819","26,016","23,418","20,280","21,450","21,141","20,093"
367,"146","138","139","151","137","136","134","152","146","139,487","128,447","135,845","143,862","131,230","129,064","127,568","133,498","127,339"
368,"172","149","146","150","138","139","143","146","137","153,676","134,331","134,404","138,495","125,471","126,490","129,415","123,295","114,272"
369,"107","108","96","106","101","96","96","110","105","41,911","37,925","39,351","36,832","36,291","34,176","34,080","33,332","30,051"
370,"125","114","108","123","109","109","110","129","119","52,735","52,780","58,430","58,846","56,764","56,244","56,870","59,008","51,811"
371,"146","139","127","138","138","131","131","139","137","244,504","236,926","232,362","241,327","242,586","227,809","229,250","227,400","213,962"
372,"172","153","155","163","150","157","157","163","159","627,632","587,239","600,435","593,035","578,641","594,873","596,129","617,370","579,970"
373,"193","165","159","174","169","168","166","188","186","164,910","143,323","141,442","157,076","151,643","151,536","149,068","159,671","153,845"
374,"120","111","95","115","109","106","104","112","115","106,909","101,728","100,923","110,704","108,620","105,788","104,208","95,739","91,668"
375,"320","258","265","298","267","275","250","289","265","264,602","216,802","224,914","251,699","223,873","232,100","210,500","234,800","210,105"
376,"154","139","145","139","130","129","136","144","138","201,507","186,094","202,919","196,417","179,694","179,826","190,536","190,184","175,363"
377,"161","152","148","153","154","153","160","168","161","239,116","236,397","244,287","258,882","255,464","255,357","267,200","267,472","250,953"
378,"136","123","122","132","125","127","126","142","141","244,088","224,505","231,948","249,357","234,528","238,125","238,140","252,331","229,882"
379,"373","274","290","335","292","296","265","313","281","481,952","355,672","379,666","445,003","383,361","388,056","347,945","407,468","356,268"
380,"276","226","232","255","228","230","211","239","226","442,625","372,913","388,341","433,774","384,601","390,080","359,966","402,513","374,627"
381,"122","112","114","122","113","116","119","141","141","103,521","95,146","100,568","117,643","95,543","101,500","104,839","110,718","107,541"
382,"111","105","84","108","102","100","106","112","106","73,564","73,087","73,845","78,819","79,181","77,800","83,210","80,968","76,403"
383,"142","131","129","126","121","118","122","131","129","151,619","139,903","140,653","142,243","130,869","129,800","137,128","133,706","129,491"
385,"129","125","115","133","127","122","127","134","127","160,773","157,105","163,830","170,657","170,085","161,406","169,672","159,498","148,207"
386,"106","100","90","96","91","95","94","115","111","63,945","62,478","63,773","63,252","61,490","66,120","70,688","77,359","75,668"
387,"142","137","128","137","125","126","130","131","129","107,413","103,853","105,157","107,425","98,517","99,414","103,350","93,640","88,658"
388,"113","110","102","111","101","100","104","119","111","70,089","69,870","74,210","69,767","62,738","61,900","64,272","63,970","59,641"
389,"151","138","133","134","128","124","126","130","129","268,833","252,697","250,201","250,338","236,505","226,052","230,202","225,790","210,191"
390,"99","93","92","93","95","92","97","104","101","45,232","42,788","44,337","45,501","47,708","47,472","49,567","47,801","45,265"
391,"180","159","157","165","150","150","147","156","151","171,681","151,451","150,078","159,935","143,180","143,400","140,238","142,567","135,393"
392,"271","239","236","269","243","248","232","262","254","636,181","568,018","578,735","652,799","583,325","586,024","547,520","593,743","562,899"
393,"134","123","121","119","111","113","116","127","120","238,087","217,412","222,830","224,021","201,234","201,253","205,668","207,623","188,884"
394,"138","129","121","128","125","126","127","138","136","68,798","66,181","65,131","67,556","66,295","65,394","67,056","68,590","66,141"
395,"182","156","152","170","158","151","152","164","155","62,264","56,033","56,248","62,531","58,067","53,605","53,960","57,558","53,075"
396,"--","--","1","197","157","153","174","192","181","0","0","16","10,230","15,800","18,666","23,838","27,013","31,201"
397,"99","95","100","99","96","97","96","102","100","16,157","15,675","16,712","17,059","15,989","16,296","16,128","16,388","14,262"
398,"111","100","101","117","113","120","129","134","139","7,511","11,042","13,901","16,893","16,474","17,280","18,705","18,644","18,735"
399,"160","145","139","156","145","152","150","158","150","68,632","64,668","66,746","81,647","74,583","78,128","77,100","79,489","71,737"
400,"230","191","189","197","180","185","171","192","180","192,170","160,527","159,791","169,114","152,871","157,065","145,179","159,765","146,390"
401,"177","155","152","160","149","147","147","157","147","110,526","96,724","97,326","103,265","95,697","93,933","94,962","97,478","89,897"
402,"167","151","146","154","146","148","144","146","142","63,801","58,607","59,567","61,773","60,604","61,420","60,192","65,364","71,162"
403,"206","187","195","266","213","194","170","209","199","54,092","59,572","71,025","125,005","109,487","121,056","113,050","134,931","130,224"
404,"150","139","132","141","129","137","139","144","139","82,450","78,403","80,905","85,475","75,316","77,268","78,396","78,358","72,484"
405,"142","136","133","139","134","136","138","144","143","157,308","154,056","152,496","164,109","152,817","156,944","160,770","162,173","155,781"
406,"195","171","161","172","161","160","155","170","155","116,948","113,582","122,012","137,659","129,744","128,160","123,845","133,510","126,941"
407,"180","160","157","167","155","157","155","167","158","91,205","84,153","88,647","95,658","90,131","92,787","92,225","98,153","100,274"
408,"176","150","152","158","148","145","139","149","143","160,340","147,768","152,748","164,384","157,125","155,150","149,703","158,690","149,601"
409,"263","233","232","271","238","255","235","262","259","212,627","200,093","207,344","247,791","220,375","233,325","216,905","237,116","232,523"
410,"128","118","115","116","125","125","120","126","129","20,676","19,180","19,944","20,323","21,803","21,500","20,760","20,077","19,033"
411,"136","129","125","130","128","132","135","138","137","74,794","76,069","75,005","81,591","79,329","82,764","84,375","81,124","79,172"
412,"167","159","162","180","163","184","150","182","158","21,936","21,079","21,753","23,192","23,657","28,152","24,600","28,220","47,728"
413,"238","202","209","241","204","225","210","234","221","265,073","226,317","237,014","256,033","231,673","253,350","236,250","257,126","238,525"
416,"121","120","119","115","115","113","119","123","134","21,868","21,477","21,907","21,872","21,028","20,679","21,777","21,612","22,078"
417,"163","152","152","157","149","151","152","158","153","58,528","63,390","63,603","63,660","69,728","72,782","74,784","75,107","75,123"
418,"257","212","213","255","208","238","216","244","222","215,016","177,828","179,475","217,855","175,704","199,920","181,656","200,719","179,914"
419,"224","196","189","213","181","194","183","202","191","207,038","186,896","181,147","207,667","180,955","198,462","187,209","199,810","187,976"
420,"197","171","163","187","162","176","166","179","170","159,547","145,807","142,304","166,091","142,712","156,288","147,076","151,844","139,425"
421,"158","146","135","155","137","144","149","155","151","67,404","75,159","81,919","102,263","95,478","99,216","102,661","104,174","99,814"
422,"116","116","120","122","111","109","121","120","122","41,351","42,148","44,907","46,245","51,464","55,045","61,105","57,128","55,922"
423,"231","192","170","237","214","198","167","202","184","50,382","47,038","55,903","101,148","116,770","118,602","115,731","139,628","142,504"
424,"173","157","152","175","155","163","159","188","177","66,799","61,197","63,596","72,484","65,082","69,112","66,939","72,249","69,564"
425,"228","239","239","209","200","208","187","206","211","5,367","10,329","10,759","44,244","46,372","49,296","44,880","47,574","48,918"
426,"189","162","156","164","153","147","151","165","156","101,570","86,531","85,522","89,619","83,475","79,968","82,144","86,746","80,683"
428,"196","162","160","179","162","166","158","172","166","68,679","70,462","69,978","81,448","77,601","80,510","77,262","81,982","78,503"
430,"147","125","126","134","139","147","153","154","158","10,185","22,635","22,487","25,750","43,898","51,450","53,550","52,489","51,135"
431,"157","151","142","147","142","141","142","151","147","93,012","89,307","89,252","97,519","91,785","91,650","95,708","99,896","97,348"
432,"210","173","173","186","169","168","161","172","167","166,308","139,225","144,178","155,879","140,856","139,440","133,630","139,501","132,827"
433,"227","180","185","195","185","183","177","187","176","71,410","56,883","59,071","62,791","58,817","58,011","56,109","58,929","53,393"
434,"245","188","185","210","171","188","172","197","184","200,677","181,187","200,130","216,816","208,975","242,520","235,124","267,076","275,661"
435,"204","167","169","177","166","169","158","167","159","39,363","35,459","37,679","39,732","37,017","37,518","35,234","35,322","33,454"
436,"158","147","149","147","147","148","150","155","152","86,653","87,512","92,100","88,229","86,895","87,320","88,350","87,182","83,561"
437,"151","136","126","153","132","140","129","143","139","116,862","137,813","155,539","200,858","219,109","254,100","261,225","294,635","284,522"
438,"126","109","98","114","102","107","110","117","114","34,939","60,447","78,153","112,268","121,256","133,857","142,120","147,718","145,406"
442,"158","147","145","154","146","149","151","146","143","88,944","84,276","89,280","100,041","93,861","95,062","96,036","89,180","85,138"
443,"--","--","--","--","--","--","--","--","--","0","0","0","0","0","0","0","0","0"
444,"194","167","155","175","163","161","154","173","159","38,976","33,996","31,980","36,937","33,654","32,522","31,108","33,470","29,573"
445,"180","166","160","167","150","156","159","161","159","181,186","167,302","161,836","171,849","151,731","158,184","161,226","157,383","151,006"
446,"150","141","129","147","133","135","142","148","142","65,937","63,283","64,691","75,728","67,439","68,715","72,420","74,123","74,952"
447,"151","139","128","144","130","139","140","145","146","122,971","121,096","123,639","153,336","171,831","190,430","201,180","202,183","195,043"
448,"155","135","137","147","135","142","143","151","151","77,173","88,303","89,428","95,650","87,227","90,596","91,377","92,019","90,374"
449,"292","270","260","316","260","278","248","288","269","194,191","182,713","183,383","226,847","205,220","220,176","197,160","218,043","199,510"
450,"228","192","180","211","180","191","181","199","196","213,721","195,909","196,415","235,882","201,280","217,167","208,874","224,074","220,312"
451,"312","235","227","274","223","238","201","240","215","308,395","269,305","296,251","377,726","326,569","386,750","357,378","439,556","394,839"
452,"147","132","129","144","131","129","117","135","128","69,548","77,266","77,567","80,723","79,067","88,881","101,790","124,695","123,262"
453,"123","113","106","111","113","104","103","116","112","48,077","44,864","45,194","45,890","44,782","45,136","47,483","51,480","50,753"
454,"256","184","176","203","156","158","161","182","180","36,431","26,141","26,819","30,924","25,670","25,596","26,404","27,629","27,194"
455,"221","163","167","177","163","161","152","174","158","51,171","38,796","41,687","68,854","64,974","64,239","60,800","68,097","66,191"
456,"137","122","118","126","107","87","93","114","114","8,472","8,634","11,441","11,363","12,236","11,658","14,415","18,397","17,949"
457,"216","182","178","192","178","177","168","183","168","76,001","64,535","64,217","69,859","63,664","62,835","59,808","63,210","56,880"
458,"182","168","171","182","160","165","166","173","165","67,920","62,346","64,129","69,714","60,418","62,700","63,246","62,499","58,902"
459,"163","152","150","155","149","149","148","155","152","112,575","126,867","127,603","132,025","125,848","126,203","128,316","132,182","131,521"
460,"169","150","150","160","146","146","146","151","142","155,984","147,742","151,983","163,494","149,268","150,234","150,672","148,759","137,273"
462,"176","149","137","170","147","147","141","171","161","89,643","89,494","97,392","116,098","121,213","131,565","140,295","180,458","210,565"
463,"158","140","139","147","133","134","132","134","139","63,687","64,941","64,797","64,017","61,660","60,166","59,268","58,450","59,274"
464,"195","169","172","196","166","178","168","186","176","225,093","209,377","215,449","228,667","206,497","221,966","210,000","227,065","210,360"
465,"199","174","179","183","169","174","167","171","160","50,360","44,013","45,689","47,405","43,140","44,544","42,752","43,385","38,030"
466,"152","140","133","145","137","142","148","162","157","101,535","98,015","98,474","110,694","104,118","108,914","118,548","126,511","128,591"
467,"181","168","168","182","165","178","177","183","177","117,409","116,305","116,631","128,000","113,915","121,930","121,245","123,713","117,129"
468,"180","142","143","155","143","161","167","179","169","9,550","7,482","7,574","8,359","7,429","8,533","9,018","8,400","8,274"
469,"163","148","152","172","145","151","149","166","160","73,452","74,075","77,427","88,887","73,702","67,497","67,795","83,252","78,781"
470,"214","183","181","199","176","189","188","201","191","86,600","77,020","78,966","88,338","80,612","83,349","82,720","90,067","82,848"
471,"135","122","122","134","118","120","121","133","129","86,323","81,133","83,561","92,885","79,583","80,880","82,643","82,648","75,900"
472,"167","152","150","165","154","166","170","177","184","64,363","59,754","60,813","68,093","65,090","70,882","73,100","73,634","74,423"
473,"129","121","117","123","116","126","127","134","130","68,757","67,976","70,384","77,620","75,562","77,238","78,359","83,027","77,775"
474,"168","154","153","171","145","159","160","181","177","74,261","69,445","70,410","78,960","66,722","73,458","74,080","78,988","78,425"
475,"206","170","174","190","169","178","162","200","187","105,679","98,710","104,945","117,889","105,154","127,270","133,164","154,196","143,101"
476,"137","133","123","131","125","127","131","145","131","40,037","39,183","38,119","40,070","38,517","39,373","40,580","41,446","35,934"
